title,company_name,need_level,need_grade,region,employ_type,rank,pay,section
캐롯손해보험㈜,부문별 경력직 대규모 채용,경력1년↑,학력무관,정규직,,,,DE
우리에프아이에스㈜,2024년 경력사원 채용 공고,경력3년↑,학력무관,마포구,정규직,,,DE
㈜바이오컴,[AI 헬스케어] 개발/기획/마케팅/회계/변호사 인재영입,경력3년↑,학력무관,강서구,정규직,,,DE
한국유미코아배터리머티리얼즈 유한책임회사,한국유미코아 배터리머티리얼즈 하반기 각 부문별 채용,신입·경력,대졸↑,전지역,정규직,,,DE
㈜팬코,각 부문별 신입 및 경력사원 채용,신입·경력,학력무관,성동구,정규직,,,DE
㈜연합인포맥스,연합인포맥스 금융공학연구소 신입/경력 사원 모집,신입·경력,학력무관,종로구,정규직,,,DE
에스케이엠앤서비스㈜,DBA 담당 경력 구성원 영입,경력2년↑,대졸↑,중구,정규직,,,DE
잡코리아(유),[잡코리아] 데이터 엔지니어 (3년 이상),경력3년↑,학력무관,서초구,정규직,,,DE
㈜헥토이노베이션,"헥토이노베이션 직군별 채용 (서비스기획,정보보안,영업,영업지원,광고기획,서비스개발,개발,UI/UX,MD)",경력,학력무관,강남구,정규직,,,DE
주식회사 빗썸,2024 빗썸 전직군 채용,경력무관,학력무관,강남구,정규직,,,DE
(주)우아한형제들,각 부문별 경력/신입 인재영입,신입·경력,학력무관,송파구,정규직,,,DE
더리본㈜,더리본㈜ 각 부문 경력 채용(인사총무팀/고객관리업무/여행팀),경력5년↑,초대졸↑,성동구,정규직,,,DE
㈜위앤유텍,빅데이터 솔루션 (Elastic) 엔지니어,경력무관,학력무관,송파구,정규직,,,DE
㈜이노케어플러스,데이터 엔지니어,경력3년↑,학력무관,서초구,정규직,,"4,000~8,000만원",DE
루덴시티㈜,[경력] Data Engineer,경력3년↑,초대졸↑,강남구,정규직,,,DE
콜로세움코퍼레이션,[Engineering] 데이터 분석가,경력3년↑,대졸↑,강남구,정규직,,,DE
루덴시티㈜,[신입] Data Engineer,신입,초대졸↑,강남구,정규직,,,DE
㈜엑심베이,Data Engineer(신입/경력),경력,학력무관,구로구,정규직,,,DE
빅웨이브로보틱스㈜,Data Platform Engineer,경력3년↑,대졸↑,강남구,정규직,,,DE
㈜메타넷티플랫폼,Data Engineer/DBA 경력,경력5년↑,초대졸↑,강남구,정규직,,,DE
메디웨일,데이터 엔지니어,경력5년↑,학력무관,강남구,정규직,,,DE
㈜레디포,플랜트 시뮬레이션 tool 사용 개발자,경력1년↑,학력무관,강서구,정규직,,"6,000~10,000만원",DE
주식회사 더 스윙,데이터 애널리틱 엔지니어,경력3년↑,학력무관,용산구,정규직,,,DE
㈜비스텔리젼스,IoT Specialist,경력5년↑,초대졸↑,서초구,정규직,,,DE
필라넷,AI엔지니어,경력3년↑,대졸↑,강남구,정규직,,,DE
㈜세종교육,"[IT취업률100프로]무료 취준생모집(국내/일본, 수도권무료숙식 제공/비전공자 가능) 국비무료교육 취업준비",신입·경력,학력무관,강남구,연수생/교육생,,,DE
엠비씨(MBC)아카데미 컴퓨터교육센터,"[서울/경기] 수강료 0원 무료 취업교육생 과정모집(인공지능AI,빅데이터,풀스택,웹디자인,게임,메타버스)",신입·경력,고졸↑,관악구,연수생/교육생,,,DE
휴먼교육센터,[국비무료/기숙사무료] 파이썬/데이터분석/인공지능/풀스택(무료숙식제공),신입·경력,학력무관,영등포구,연수생/교육생,,,DE
대한상공회의소 서울기술교육센터,"반도체설계/검증 엔지니어, AI시스템반도체 SW개발자 교육생 모집",경력무관,초대졸↑,강서구,연수생/교육생,,,DE
kt ds University,풀스택 웹 애플리케이션 개발 전문가 양성과정,경력무관,초대졸↑,서초구,연수생/교육생,,,DE
한국ICT인재개발원,[국비무료IT취업교육]JAVA웹앱/프론트엔드/백엔드/풀스택/빅데이터/인공지능 외 자바개발자취업교육과정/준,신입·경력,고졸↑,연수생/교육생,,,,DE
㈜미래엔,데이터 엔지니어 채용,경력,서초구,정규직,,,,DE
㈜빅밸류,[빅밸류] Data Architect 모집,경력무관,학력무관,중구,정규직,사원급,,DE
㈜팬코,IT 프로그램 개발/관리 경력사원 채용,경력2년↑,학력무관,성동구,정규직,,,DE
동국시스템즈㈜,[동국시스템즈] 빅데이터 / 클라우드 솔루션개발 및 기술지원 (채용),경력3년↑,대졸↑,중구,정규직,사원급,,DE
㈜인라이플,[주4.5일근무] 데이터 분석 및 기획자 채용,경력2년↑,학력무관,구로구,정규직,,,DE
아남전자㈜,아남전자(주) 시스템 및 전산관리 담당자 모집,경력10년↑,대졸↑,구로구,정규직,,,DE
㈜토마토시스템,[(주)토마토시스템] AI데이터 분석 부문 채용(경력),경력3년↑,대졸↑,강남구,정규직,,,DE
㈜아이마켓코리아,인프라 운영 및 구축 담당 채용,경력3년↑,대졸↑,강남구,정규직,,,DE
㈜피엠그로우,[피엠그로우] 데이터 사이언티스트 채용 (전기차 배터리),경력5년↑,대졸↑,서초구,정규직,팀원,,DE
캐롯손해보험㈜,부문별 경력직 대규모 채용,경력1년↑,학력무관,정규직,,,,DE
우리에프아이에스㈜,2024년 경력사원 채용 공고,경력3년↑,학력무관,마포구,정규직,,,DE
㈜바이오컴,[AI 헬스케어] 개발/기획/마케팅/회계/변호사 인재영입,경력3년↑,학력무관,강서구,정규직,,,DE
한국유미코아배터리머티리얼즈 유한책임회사,한국유미코아 배터리머티리얼즈 하반기 각 부문별 채용,신입·경력,대졸↑,전지역,정규직,,,DE
㈜팬코,각 부문별 신입 및 경력사원 채용,신입·경력,학력무관,성동구,정규직,,,DE
㈜연합인포맥스,연합인포맥스 금융공학연구소 신입/경력 사원 모집,신입·경력,학력무관,종로구,정규직,,,DE
에스케이엠앤서비스㈜,DBA 담당 경력 구성원 영입,경력2년↑,대졸↑,중구,정규직,,,DE
잡코리아(유),[잡코리아] 데이터 엔지니어 (3년 이상),경력3년↑,학력무관,서초구,정규직,,,DE
㈜헥토이노베이션,"헥토이노베이션 직군별 채용 (서비스기획,정보보안,영업,영업지원,광고기획,서비스개발,개발,UI/UX,MD)",경력,학력무관,강남구,정규직,,,DE
주식회사 빗썸,2024 빗썸 전직군 채용,경력무관,학력무관,강남구,정규직,,,DE
(주)우아한형제들,각 부문별 경력/신입 인재영입,신입·경력,학력무관,송파구,정규직,,,DE
더리본㈜,더리본㈜ 각 부문 경력 채용(인사총무팀/고객관리업무/여행팀),경력5년↑,초대졸↑,성동구,정규직,,,DE
㈜위앤유텍,빅데이터 솔루션 (Elastic) 엔지니어,경력무관,학력무관,송파구,정규직,,,DE
㈜이노케어플러스,데이터 엔지니어,경력3년↑,학력무관,서초구,정규직,,"4,000~8,000만원",DE
루덴시티㈜,[경력] Data Engineer,경력3년↑,초대졸↑,강남구,정규직,,,DE
콜로세움코퍼레이션,[Engineering] 데이터 분석가,경력3년↑,대졸↑,강남구,정규직,,,DE
루덴시티㈜,[신입] Data Engineer,신입,초대졸↑,강남구,정규직,,,DE
㈜엑심베이,Data Engineer(신입/경력),경력,학력무관,구로구,정규직,,,DE
빅웨이브로보틱스㈜,Data Platform Engineer,경력3년↑,대졸↑,강남구,정규직,,,DE
㈜메타넷티플랫폼,Data Engineer/DBA 경력,경력5년↑,초대졸↑,강남구,정규직,,,DE
메디웨일,데이터 엔지니어,경력5년↑,학력무관,강남구,정규직,,,DE
㈜레디포,플랜트 시뮬레이션 tool 사용 개발자,경력1년↑,학력무관,강서구,정규직,,"6,000~10,000만원",DE
주식회사 더 스윙,데이터 애널리틱 엔지니어,경력3년↑,학력무관,용산구,정규직,,,DE
㈜비스텔리젼스,IoT Specialist,경력5년↑,초대졸↑,서초구,정규직,,,DE
필라넷,AI엔지니어,경력3년↑,대졸↑,강남구,정규직,,,DE
㈜세종교육,"[IT취업률100프로]무료 취준생모집(국내/일본, 수도권무료숙식 제공/비전공자 가능) 국비무료교육 취업준비",신입·경력,학력무관,강남구,연수생/교육생,,,DE
엠비씨(MBC)아카데미 컴퓨터교육센터,"[서울/경기] 수강료 0원 무료 취업교육생 과정모집(인공지능AI,빅데이터,풀스택,웹디자인,게임,메타버스)",신입·경력,고졸↑,관악구,연수생/교육생,,,DE
휴먼교육센터,[국비무료/기숙사무료] 파이썬/데이터분석/인공지능/풀스택(무료숙식제공),신입·경력,학력무관,영등포구,연수생/교육생,,,DE
대한상공회의소 서울기술교육센터,"반도체설계/검증 엔지니어, AI시스템반도체 SW개발자 교육생 모집",경력무관,초대졸↑,강서구,연수생/교육생,,,DE
kt ds University,풀스택 웹 애플리케이션 개발 전문가 양성과정,경력무관,초대졸↑,서초구,연수생/교육생,,,DE
한국ICT인재개발원,[국비무료IT취업교육]JAVA웹앱/프론트엔드/백엔드/풀스택/빅데이터/인공지능 외 자바개발자취업교육과정/준,신입·경력,고졸↑,연수생/교육생,,,,DE
㈜미래엔,데이터 엔지니어 채용,경력,서초구,정규직,,,,DE
㈜빅밸류,[빅밸류] Data Architect 모집,경력무관,학력무관,중구,정규직,사원급,,DE
㈜팬코,IT 프로그램 개발/관리 경력사원 채용,경력2년↑,학력무관,성동구,정규직,,,DE
동국시스템즈㈜,[동국시스템즈] 빅데이터 / 클라우드 솔루션개발 및 기술지원 (채용),경력3년↑,대졸↑,중구,정규직,사원급,,DE
㈜인라이플,[주4.5일근무] 데이터 분석 및 기획자 채용,경력2년↑,학력무관,구로구,정규직,,,DE
아남전자㈜,아남전자(주) 시스템 및 전산관리 담당자 모집,경력10년↑,대졸↑,구로구,정규직,,,DE
㈜토마토시스템,[(주)토마토시스템] AI데이터 분석 부문 채용(경력),경력3년↑,대졸↑,강남구,정규직,,,DE
㈜아이마켓코리아,인프라 운영 및 구축 담당 채용,경력3년↑,대졸↑,강남구,정규직,,,DE
㈜피엠그로우,[피엠그로우] 데이터 사이언티스트 채용 (전기차 배터리),경력5년↑,대졸↑,서초구,정규직,팀원,,DE
㈜제이슨,[안랩-제이슨] (경력) 빅데이터 구축 엔지니어 모집,경력5년↑,초대졸↑,마포구,정규직,,,DE
㈜유호스트,"[월16일 근무/정규직 추가채용] 클라우드 시스템 모니터링, 관제 담당 채용",신입·경력,고졸↑,마포구,정규직,,,DE
파인트리파트너스㈜,함께 성장할 분석 컨설턴트 모집합니다.,신입·경력3년↑,대졸↑,마포구,정규직,,"4,000~10,000만원",DE
파인트리파트너스㈜,함께 성장할 생성형 AI 엔지니어를 모집합니다.,신입·경력3년↑,대졸↑,마포구,정규직,,"4,000~10,000만원",DE
반프,R&D / AI Researcher,경력무관,학력무관,강남구,정규직,,,DE
㈜비투엔,[비투엔] 데이터 SI 영업 담당자 채용,경력3년↑,초대졸↑,용산구,정규직,,,DE
㈜스피랩,경력 AI 개발자 채용,경력,학력무관,강남구,정규직,,,DE
마크클라우드,데이터 분석 및 모델 개발 인턴 모집,경력무관,대졸↑,강남구,인턴,,,DE
㈜퀀텀솔루션,IT 프로젝트 기획 및 관리 ( 외국계 상주 근무 ),경력2년↑,대졸↑,강남구,정규직,,"2,800~4,000만원",DE
넛지헬스케어㈜,[캐시워크-병역특례] 데이터분석 담당 산업기능요원,경력무관,학력무관,강남구,병역특례,,,DE
펑타이그레이터차이나,[PTKOREA] 글로벌 빅데이터 플랫폼 BI 대시보드 기획/운영 (Data Analysis),경력3년↑,대졸↑,강남구,정규직,,,DE
㈜마인드에이아이,Reinforcement Learning Engineer,경력무관,석사↑,강서구,정규직,,,DE
한빛아이에이홀딩스㈜,윈도우프로그램 개발 및 디자인 인재 모십니다.,경력무관,학력무관,마포구,계약직,주임~대리급,"2,500~3,500만원",DE
㈜타임게이트,Kafka / Confluent 엔지니어(신입/경력) 채용공고,신입·경력3년↑,초대졸↑,성동구,정규직,,,DE
㈜아이넥스코퍼레이션,의료 영상분야 신입 AI개발자 채용(삼성동 근무),경력무관,대졸↑,강남구,정규직,,,DE
㈜마인드에이아이,Data Engineer,신입·경력2년↑,대졸↑,강서구,정규직,,,DE
㈜에이브랩스,데이터 분석 (Data Scientist) 채용,신입·경력,학력무관,용산구,정규직,,"3,800~9,000만원",DE
펑타이그레이터차이나,[PTKOREA] 빅데이터 플랫폼 BI 프로젝트 관리,경력3년↑,대졸↑,강남구,정규직,,,DE
(주)에프앤에프,F&F 데이터팀 팀장 경력직 채용,경력12년↑,대졸↑,강남구,정규직,,,DE
㈜인포시즈,[병역특례] AI Engineer 모집,신입,대졸↑,강남구,정규직,,,DE
㈜인딥에이아이,AI채용솔루션 프롬프트엔지니어 우수인재 모집,경력2년↑,대졸↑,강남구,정규직,주임~대리급,"3,500~4,500만원",DE
㈜에이데이타,데이터 이행/ETL 개발 PL 경력직 채용합니다.,경력,대졸↑,성동구,정규직,,,DE
쿠팡㈜,"SAP Data Migration Lead (1Y Contract, S/4 HANA)",경력7년↑,학력무관,송파구,계약직,,,DE
쿠팡㈜,"Enterprise Data Management Lead (1Y Contract, S/4 HANA)",경력7년↑,학력무관,송파구,계약직,,,DE
㈜한국정보공작소,연구소장님을 모십니다. (AI 비전시스템 개발 총괄 및 개발),경력8년↑,대졸↑,금천구,정규직,부장급,,DE
㈜온택트헬스,DevOps 채용,경력3년↑,초대졸↑,서대문구,정규직,,,DE
㈜한국정보공작소,[기업부설연구소] AI 기반 비전시스템 개발 정규직 전문연구원 모집,신입·경력1년↑,대졸↑,금천구,정규직,주임~대리급,,DE
㈜트릿지,[TRIDGE] Data Engineer (산업기능요원),경력무관,학력무관,서초구,계약직,,,DE
㈜트릿지,[TRIDGE] Data Scientist (산업기능요원),경력무관,학력무관,서초구,계약직,,,DE
㈜트릿지,[TRIDGE] ML Engineer (산업기능요원),경력무관,학력무관,서초구,계약직,,,DE
이지서티,[이지서티] 경력직 솔루션 엔지니어,경력5년↑,대졸↑,강남구,정규직,,,DE
에이플랫폼,[신입/경력] Database Engineer - Technical Solution Center,신입·경력3년↑,초대졸↑,영등포구,정규직,사원급,,DE
로민,멀티모달 AI 엔지니어 채용,경력2년↑,대졸↑,서초구,정규직,,,DE
에이플랫폼,[신입/경력] Database Engineer - Customer Support Service,신입·경력3년↑,초대졸↑,영등포구,정규직,사원급,,DE
㈜프로씨엔에스,DBA 채용(경력직),경력2년↑,학력무관,강남구,정규직,,,DE
에이플랫폼,[신입/경력] Database Engineer - R&D Center,신입·경력3년↑,초대졸↑,영등포구,정규직,사원급,,DE
㈜인젠트,"[인젠트] 데이터베이스 사업- DB엔지니어, DA, 튜너 경력 채용",경력3년↑,초대졸↑,영등포구,정규직,주임~대리급,,DE
㈜리버트론,[정규직] 소프트웨어 개발,신입·경력,대졸↑,영등포구,정규직,,,DE
㈜타임게이트,빅데이터(Splunk) 신입 엔지니어 모집,신입,초대졸↑,성동구,정규직,사원급,,DE
한국딥러닝㈜,AI 엔지니어(데이터),경력3년↑,학력무관,서초구,정규직,팀원,,DE
㈜푸드테크,㈜푸드테크 IT부문 인프라/델파이 개발자 채용,경력,학력무관,강남구,정규직,,,DE
한국딥러닝㈜,[신입/인턴] AI 프로젝트 매니저(APM),신입,학력무관,서초구,계약직,,,DE
씨앤토트㈜,데이터 분석 및 시각화 (경력),경력3년↑,고졸↑,서초구,정규직,,,DE
㈜스마트큐브,기업부설연구소 책임/선임연구원 채용,경력5년↑,대졸↑,마포구,정규직,주임~대리급,,DE
㈜조인아이티,"Si(공공.통계분야.etl)/남부터미널근처/즉시-25.02.28/고급/etl,반프리/",경력6년↑,학력무관,서초구,계약직,,,DE
디비투이,"[정규직 DBA 채용 ] 중급 DBA ( Oracle, PstgreSQL ) 채용",경력3년↑,초대졸↑,서초구,정규직,,,DE
㈜골드나인디에스,금융기관 외상매출채권 담보대출 개발자 모집,경력6년↑,학력무관,강남구,정규직,주임~대리급,450~700만원(월),DE
한국비앤에스시스템(주),"DW,BI-OLAP 개발 정규직 모집 공고",신입·경력2년↑,초대졸↑,금천구,정규직,사원급,,DE
㈜솔메딕스,[㈜솔메딕스] 2024년 각 부문별 경력채용,경력2년↑,고졸↑,마포구,정규직,,,DE
㈜퀀텀에이아이,[AI SaaS 기업] 인공지능 R&D 연구원 모집,경력무관,대졸↑,중구,정규직,팀원,,DE
㈜기어세컨드,데이터 엔지니어(DE) 채용,경력3년↑,학력무관,마포구,정규직,사원급,"4,000~8,000만원",DE
㈜고픽커뮤니케이션,[고픽커뮤니케이션] 스포츠 데이터 사이언티스트,경력5년↑,학력무관,성동구,정규직,과장~차장급,,DE
씨앤토트㈜,"빅데이터 분석 시스템 모델러, 데이터 아키텍트 (DA) 모집 (경력)",경력5년↑,고졸↑,서초구,정규직,,,DE
㈜비투엔,[비투엔] 데이터 표준 및 데이터 품질 관리 컨설턴트 채용,신입·경력1년↑,대졸↑,용산구,정규직,,,DE
㈜모비릭스,[모비릭스] 게임DATA팀 데이터 분석 경력직 모집,경력1년↑,학력무관,금천구,정규직,사원급,,DE
피플리,[피플리] Data Scientist 경력직 채용(5년이상),경력5년↑,학력무관,마포구,정규직,,,DE
㈜에이틴에이치,근무시간 짧음) 앱개발자 모집 공고,경력2년↑,학력무관,강남구,정규직,,,DE
㈜조인아이티,"Si(손보사 빅데이터 처리시스템 개발)/당산역근처/25.02-25.12/중급,2명/",경력6년↑,학력무관,영등포구,계약직,,,DE
㈜컨피테크,금융권 개발 경력자 모십니다.,경력,학력무관,영등포구,정규직,사원급,"4,000~10,000만원",DE
행복쇼핑 주식회사,"[재택근무] REACT, PHP, PYTHON 개발자 모집",경력3년↑,초대졸↑,양천구,정규직,,,DE
㈜데이터위버,[신입] NLP LLM 연구원,신입,대졸↑,금천구,정규직,사원급,"4,000~4,500만원",DE
㈜비투엔,[비투엔] 데이터 컨설팅 및 구축 사업 포지션별 담당자 채용,경력10년↑,대졸↑,용산구,정규직,,,DE
㈜오픈메이트,"[오픈메이트] 데이터엔지니어, 데이터모델러, DW, ETL 직무 인재 모집(정규)",경력2년↑,학력무관,중구,정규직,,,DE
㈜엠폴,(주)엠폴 AI데이터 사이언티스트 모집합니다.,경력5년↑,학력무관,강서구,정규직,,,DE
㈜비투엔,[비투엔] 솔루션 엔지니어 담당자 채용,신입·경력1년↑,대졸↑,용산구,정규직,사원급,,DE
㈜인포시즈,[경력] Graph Engineer 모집,경력3년↑,석사↑,강남구,정규직,,,DE
㈜인포시즈,[경력] AI Engineer 모집,경력3년↑,석사↑,강남구,정규직,,,DE
㈜씨에스리,[아키텍처팀] JAVA 개발자 모집(Python 연계/SM/SI),경력5년↑,초대졸↑,마포구,정규직,,,DE
㈜인포시즈,[신입/경력무관] AI Engineer 모집,신입,석사↑,강남구,정규직,,,DE
웨이센,이미지/비디오 데이터 검수 및 태깅,경력무관,학력무관,강남구,계약직,,,DE
콘센트릭스서비스코리아(유),데이터엔지니어,경력1년↑,학력무관,강남구,정규직,,,DE
효성ITX㈜,[효성ITX] 챗봇/음성봇 구축 PM(경력),경력무관,대졸↑,영등포구,정규직,,,DE
이지서티,[이지서티] 신입 솔루션 엔지니어,신입,대졸↑,강남구,정규직,,,DE
효성ITX㈜,[효성ITX] 콜 인프라 및 AICC구축 PM(경력),경력무관,대졸↑,영등포구,정규직,,,DE
마크클라우드,"AI 개발(Python), 데이터 분석 및 사업 기획 신규/경력 모집 - 정규직",신입·경력,대졸↑,강남구,정규직,,,DE
효성ITX㈜,[효성ITX] 웹 퍼블러셔 및 프론트엔드 개발(경력),경력3년↑,대졸↑,영등포구,정규직,,,DE
㈜뉴로라인즈,웹 서비스 JAVA 개발자(경력) 모집,경력5년↑,학력무관,마포구,정규직,과장~차장급,,DE
㈜엠폴,(주)엠폴 R&D 연구소장 채용합니다.,경력5년↑,학력무관,강서구,정규직,,,DE
디딤365㈜,SI 프로젝트 PM 채용,경력10년↑,대졸↑,구로구,정규직,,,DE
원프레딕트,Data Platform Engineer(전문연구요원),경력무관,석사↑,강남구,정규직,,,DE
탑클릭,[경기/부천] 웹기획 정규직 채용,경력3년↑,대졸↑,강서구,정규직,이상,"4,000만원",DE
㈜트릿지,[TRIDGE] Lead of PM (PM 총괄),경력8년↑,학력무관,서초구,정규직,,,DE
㈜동인코퍼레이션,BI/OLAP 엔지니어 채용,경력2년↑,초대졸↑,송파구,정규직,팀원,,DE
㈜기어세컨드,데이터 분석가 채용,경력무관,학력무관,마포구,정규직,사원급,"4,000~8,000만원",DE
㈜두들린,[그리팅] Data Engineer - 3년 이상,경력3년↑,학력무관,강남구,정규직,,,DE
㈜미리디,[미리디] 데이터 엔지니어,경력2년↑,학력무관,구로구,정규직,,,DE
에이스올루션글로벌㈜,안드로이드 테스트 엔지니어 모집,경력2년↑,학력무관,성동구,계약직,,520~800만원(월),DE
바이온사이트,Senior Platform-Infra Engineer 채용,경력5년↑,석사↑,성동구,정규직,,"4,000~12,000만원",DE
㈜크라우드웍스,[크라우드웍스] 병특/전문연구요원 전형) 서비스개발실 AI-Software engine,경력무관,석사↑,강남구,병역특례,,,DE
데이터마케팅코리아,(주)데이터마케팅코리아 데이터 엔지니어링 직무 채용,경력3년↑,초대졸↑,강남구,정규직,주임~대리급,,DE
필라넷,(주)필라넷 Microsoft Engineer 채용,경력무관,학력무관,강남구,정규직,이상,"2,500만원",DE
㈜잘레시아,"DW 개발자 - Microsoft Fabric, Azure 기반 DW",경력5년↑,대졸↑,서초구,정규직,과장~차장급,"4,500~6,000만원",DE
㈜한국정보기술단,데이터표준품질부문 경력채용 (정규직),경력3년↑,대졸↑,서초구,정규직,,,DE
㈜커넥트웨이브,[커넥트웨이브] 메이크샵 데이터 엔지니어 채용(경력),경력3년↑,학력무관,금천구,정규직,,,DE
넛지헬스케어㈜,[캐시워크] 데이터분석가 - 석사/박사,경력무관,석사↑,강남구,정규직,,,DE
데이터마케팅코리아,(주)데이터마케팅코리아 데이터컨설팅(경력) 직무 채용,경력3년↑,대졸↑,강남구,정규직,팀원,,DE
㈜스카이오토넷,(주)스카이오토넷 - 영상처리 개발자 (병역특례가능),신입·경력1년↑,대졸↑,서초구,정규직,,,DE
디딤365㈜,클라우드 구축 및 운영 엔지니어 인재 채용,경력2년↑,초대졸↑,구로구,정규직,사원급,,DE
디딤365㈜,금융권 프로젝트 or 솔루션 분석/설계/관리,경력1년↑,대졸↑,구로구,정규직,,,DE
㈜타키온테크,"[타키온테크] 개발팀 인재 환영 (Delphi, MES, S/W 등)",경력2년↑,학력무관,금천구,정규직,,,DE
㈜비와이아이엔씨(BY inc.),"여의도 DBMS Oracle,SQL상주유지보수 금융기관 초/중급기술자모십니다.",경력5년↑,초대졸↑,영등포구,정규직,주임~대리급,,DE
㈜메디아크,백엔드 개발자 채용,경력5년↑,학력무관,마포구,정규직,팀장/매니저/실장,"5,000~8,000만원",DE
㈜온고테크,"IT인프라(클라우드) PM, PL, 컨설팅 경력 채용",경력3년↑,초대졸↑,성동구,정규직,과장~차장급,,DE
㈜새롬정보시스템,"생성형AI 모델 서빙 개발(Python, PyTorch) 및 텍스트마이닝 경력사원 채용 공고",경력2년↑,초대졸↑,금천구,정규직,,,DE
㈜위키드스톰,연구소 AI팀 개발 팀장급 채용,경력10년↑,대졸↑,강서구,정규직,과장~차장급,,DE
피플앤드테크놀러지,"[피플앤드테크놀러지] 시스템엔지니어(SE,SI) 모집",신입·경력2년↑,학력무관,강남구,정규직,팀원,,DE
㈜퍼블릭에이아이,[ 퍼블릭에이아이 ] MLops 플랫폼 엔지니어,신입·경력3년↑,학력무관,서초구,정규직,사원급,,DE
㈜코세틱,[cosetic] 데이터 엔지니어 채용,경력무관,초대졸↑,중구,정규직,,,DE
㈜아이넷캅,[경력·전문연] 딥러닝/머신러닝 개발자 채용(내일채움공제가능),신입·경력1년↑,대졸↑,송파구,정규직,,,DE
㈜부동산플래닛,[데이터분석가] Data Analyst 채용,신입·경력,석사↑,강남구,정규직,,,DE
디딤365㈜,클라우드 SA 신입 및 경력사원 영입,신입·경력3년↑,초대졸↑,구로구,정규직,,,DE
메타빌드㈜,메타빌드(주) AI 개발자 인재 채용,경력무관,대졸↑,서초구,정규직,,,DE
넛지헬스케어㈜,[캐시워크] 데이터분석 담당 채용전환형 인턴,신입,대졸↑,강남구,인턴,사원급,,DE
대상정보기술㈜,[대상정보기술] 각 부문별 신입ㆍ경력 채용,신입·경력,학력무관,광진구,정규직,,,DE
㈜위즈코리아,24년도 하반기 직무별 신입/경력 정기채용,신입·경력3년↑,초대졸↑,강서구,정규직,,,DE
㈜시스원,2025년 (주)시스원 신입 및 경력사원 공채,신입·경력,초대졸↑,강서구,정규직,,,DE
현대엘리베이터,우수 인재 상시 채용 (안전),신입·경력,,종로구,,,,DE
현대엘리베이터,우수 인재 상시 채용 (경영지원),신입·경력,,종로구,,,,DE
현대엘리베이터,우수 인재 상시 채용 (경영관리),신입·경력,,종로구,,,,DE
현대엘리베이터,우수 인재 상시 채용 (기술지원),신입·경력,,종로구,,,,DE
현대엘리베이터,우수 인재 상시 채용 (영업),신입·경력,,종로구,,,,DE
현대엘리베이터,우수 인재 상시 채용 (DT),신입·경력,,종로구,,,,DE
현대엘리베이터,우수 인재 상시 채용 (제조),신입·경력,,종로구,,,,DE
현대엘리베이터,우수 인재 상시 채용 (설계),신입·경력,,종로구,,,,DE
현대엘리베이터,우수 인재 상시 채용 (R&D),신입·경력,,종로구,,,,DE
현대엘리베이터,우수 인재 상시 채용,신입·경력,,종로구,,,,DE
에이케이아이에스㈜,[애경그룹] AK아이에스 Cloud 사업 경력 모집,경력4년↑,학력무관,마포구,정규직,,,DE
BGF리테일,경력사원 상시채용(인재DB 등록) - 안전보건관리,경력,대졸↑,강남구,,,,DE
BGF리테일,경력사원 상시채용(인재DB 등록) - 인사,경력,대졸↑,강남구,,,,DE
BGF리테일,경력사원 상시채용(인재DB 등록) - 법무,경력,대졸↑,강남구,,,,DE
BGF리테일,경력사원 상시채용(인재DB 등록) - IR,경력,대졸↑,강남구,,,,DE
BGF리테일,경력사원 상시채용(인재DB 등록) - 재무/회계,경력,대졸↑,강남구,,,,DE
BGF리테일,경력사원 상시채용(인재DB 등록) - SCM,경력,대졸↑,강남구,,,,DE
BGF리테일,경력사원 상시채용(인재DB 등록) - 물류인프라,경력,대졸↑,강남구,,,,DE
BGF리테일,경력사원 상시채용(인재DB 등록) - MD,경력,대졸↑,강남구,,,,DE
BGF리테일,경력사원 상시채용(인재DB 등록) - 디자인,경력,대졸↑,강남구,,,,DE
BGF리테일,경력사원 상시채용(인재DB 등록) - 빅데이터,경력,대졸↑,강남구,,,,DE
BGF리테일,경력사원 상시채용(인재DB 등록) - 마케팅,경력,대졸↑,강남구,,,,DE
BGF리테일,경력사원 상시채용(인재DB 등록) - 보안,경력,대졸↑,강남구,,,,DE
BGF리테일,경력사원 상시채용(인재DB 등록) - 점포기기 개발운영,경력,대졸↑,강남구,,,,DE
BGF리테일,경력사원 상시채용(인재DB 등록) - 멤버십,경력,대졸↑,강남구,,,,DE
BGF리테일,경력사원 상시채용(인재DB 등록) - 앱개발,경력,대졸↑,강남구,,,,DE
BGF리테일,경력사원 상시채용(인재DB 등록) - 웹개발,경력,대졸↑,강남구,,,,DE
BGF리테일,경력사원 상시채용(인재DB 등록) - 인프라,경력,대졸↑,강남구,,,,DE
BGF리테일,경력사원 상시채용(인재DB 등록) - 기획,경력,대졸↑,강남구,,,,DE
BGF리테일,경력사원 상시채용(인재DB 등록) - UX/UI,경력,대졸↑,강남구,,,,DE
BGF리테일,경력사원 상시채용(인재DB 등록) - 온라인,경력,대졸↑,강남구,,,,DE
BGF리테일,경력사원 상시채용(인재DB 등록),경력,대졸↑,강남구,,,,DE
㈜이스트소프트,[채용 연계형] 정보보안/AI 서비스 기획/백엔드개발/인프라보안 부트캠프 교육생 모집,신입·경력,학력무관,서초구,연수생/교육생,,,DE
㈜누리미디어,[개발운영] 시니어 AI 개발자 (경력),경력7년↑,학력무관,마포구,정규직,,,DE
㈜누리미디어,[개발운영] 주니어 AI 개발자 (경력),경력3년↑,학력무관,마포구,정규직,,,DE
㈜크래프톤,[Infra Div.] Database Engineer (5년 이상),경력,,강남구,,,,DE
㈜제이투이,"[ETL SI 잠실] 차세대 BI 시스템 구축, NIFI, 12개월 (2)",경력10년↑,초대졸↑,송파구,프리랜서,,,DE
엠플러스정보시스템㈜,OO화학 차세대 POS 시스템 구축,경력4년↑,학력무관,강남구,프리랜서,,,DE
㈜스톤빌드,Python을 이용한 Data Migration,경력9년↑,학력무관,강남구,프리랜서,이상(월),750만원,DE
에스제이티에이치,빅데이터 분석 설계 (오픈 소스 분석 가능자),경력5년↑,학력무관,중구,프리랜서,,,DE
㈜필그림소프트,김포공항.DB모델링.설계.즉시-운영.고급1명,경력10년↑,초대졸↑,강서구,프리랜서,,,DE
휴먼교육센터,"[휴먼교육센터] AI, 빅데이터 강사 채용(서울 영등포센터)",경력3년↑,초대졸↑,영등포구,프리랜서,,,DE
㈜윈스,[서대문/25.3월 투입] 농협생명 빅데이터시스템 운영 및 개발 SM 프리랜서,경력3년↑,학력무관,서대문구,프리랜서,,,DE
애드인에듀,자율주행 인공지능 로봇분야 양성 교육생 모집,경력무관,학력무관,금천구,연수생/교육생,,,DE
㈜한국소프트웨어아이엔씨,"[국비지원 무료 IT취업과정]JAVA자바/빅데이터/취업연계/훈련수당지급/기초부터 기업현업실무까지(초보자,비전공자 가능)",경력무관,고졸↑,금천구,연수생/교육생,,,DE
캐롯손해보험㈜,부문별 경력직 대규모 채용,경력1년↑,학력무관,정규직,,,,DS
㈜와치텍,[㈜와치텍] 2025년 상반기 인재 채용,신입·경력,초대졸↑,영등포구,정규직,,,DS
우리에프아이에스㈜,2024년 경력사원 채용 공고,경력3년↑,학력무관,마포구,정규직,,,DS
㈜에스엠피엠씨,[신세계그룹 관계사] 부문별 경력 채용,경력3년↑,학력무관,강남구,정규직,,,DS
잡코리아(유),[잡코리아] Data Scientist (5년 이상),경력5년↑,대졸↑,서초구,정규직,,,DS
한국유미코아배터리머티리얼즈 유한책임회사,한국유미코아 배터리머티리얼즈 하반기 각 부문별 채용,신입·경력,대졸↑,전지역,정규직,,,DS
㈜디베이스앤,[CJ그룹사] CRM 컨설팅 컨설턴트 경력직,경력3년↑,대졸↑,중구,정규직,주임~대리급,,DS
㈜디베이스앤,[CJ그룹] 데이터 분석가/사이언티스트 경력직,경력3년↑,대졸↑,중구,정규직,주임~대리급,,DS
㈜헥토이노베이션,"헥토이노베이션 직군별 채용 (서비스기획,정보보안,영업,영업지원,광고기획,서비스개발,개발,UI/UX,MD)",경력,학력무관,강남구,정규직,,,DS
주식회사 빗썸,2024 빗썸 전직군 채용,경력무관,학력무관,강남구,정규직,,,DS
(주)우아한형제들,각 부문별 경력/신입 인재영입,신입·경력,학력무관,송파구,정규직,,,DS
㈜실바코 코리아,EDA 어플리케이션 엔지니어 (기술직),경력8년↑,석사↑,강동구,정규직,,"5,000~10,000만원",DS
㈜바로팜,데이터 사이언티스트 (전문연구요원),경력1년↑,학력무관,강남구,정규직,,,DS
스펙터,데이터 사이언티스,경력3년↑,학력무관,강남구,정규직,,,DS
㈜디에스이트레이드,[DS-eTrade] DT사업부 경력직,경력3년↑,대졸↑,서초구,정규직,,"3,400~9,000만원",DS
주식회사 더 스윙,데이터 분석가(Data Analyst),경력3년↑,학력무관,용산구,정규직,,,DS
통신대안평가㈜,CSS Modeler,경력3년↑,학력무관,강남구,정규직,,,DS
㈜세종교육,"[IT취업률100프로]무료 취준생모집(국내/일본, 수도권무료숙식 제공/비전공자 가능) 국비무료교육 취업준비",신입·경력,학력무관,강남구,연수생/교육생,,,DS
휴먼교육센터,[국비무료/기숙사무료] 파이썬/데이터분석/인공지능/풀스택(무료숙식제공),신입·경력,학력무관,영등포구,연수생/교육생,,,DS
한국ICT인재개발원,[국비무료IT취업교육]JAVA웹앱/프론트엔드/백엔드/풀스택/빅데이터/인공지능 외 자바개발자취업교육과정/준,신입·경력,고졸↑,연수생/교육생,,,,DS
㈜미래엔,데이터 사이언티스트 채용,경력,서초구,정규직,,,,DS
㈜미래엔,데이터 엔지니어 채용,경력,서초구,정규직,,,,DS
(주)엠포스,[엠포스] 데이터 분석가 경력직 채용,경력2년↑,학력무관,서초구,정규직,,,DS
㈜글로벌엠이엠,[아이디병원] 글로벌 영업관리팀 데이터관리 팀원 채용,신입·경력1년↑,학력무관,강남구,정규직,사원급,,DS
㈜인라이플,[주4.5일근무] 데이터 분석 및 기획자 채용,경력2년↑,학력무관,구로구,정규직,,,DS
서울아산병원,[서울아산병원 연구중심육성과제] AI Scientist 채용,경력,석사↑,송파구,계약직,팀원,,DS
㈜토마토시스템,[(주)토마토시스템] AI데이터 분석 부문 채용(경력),경력3년↑,대졸↑,강남구,정규직,,,DS
㈜비아이매트릭스,[코스닥기업] 업무시스템 개발자 채용,경력5년↑,초대졸↑,강남구,정규직,과장~차장급,,DS
동국시스템즈㈜,[동국시스템즈] IT 인프라(DB / WAS) 운영 담당자 채용 (경력),경력,대졸↑,중구,정규직,사원급,,DS
㈜피엠그로우,[피엠그로우] 데이터 사이언티스트 채용 (전기차 배터리),경력5년↑,대졸↑,서초구,정규직,팀원,,DS
㈜피엠그로우,[피엠그로우] 데이터 분석가 채용 (전기차 배터리),경력2년↑,대졸↑,서초구,정규직,팀원,,DS
㈜하나투어,하나투어 CRM기획팀 경력직 채용,경력3년↑,학력무관,종로구,정규직,,,DS
㈜와이비에스,도시/교통분야 빅데이터 분석 및 AI 알고리즘/모델 구현 경력직 모집,경력,대졸↑,관악구,정규직,,,DS
티맵모빌리티㈜,"[티맵모빌리티] 개발자 채용 (CE, BE, DevOps, Search, DA, 개발PM)",경력2년↑,초대졸↑,중구,정규직,,,DS
더치트주식회사,데이터 애널리스트 / 데이터분석 전문가 / 통계 전문가 / Data Analyst (통,경력무관,대졸↑,구로구,정규직,,"3,000~10,000만원",DS
데브시스터즈㈜,[기술본부] Machine Learning Engineer (경력),경력3년↑,학력무관,강남구,정규직,,,DS
㈜비바리퍼블리카,[토스페이먼츠] Data Analyst (전사 전략),경력,학력무관,강남구,정규직,,,DS
㈜비바리퍼블리카,[토스페이먼츠] Data Analyst (공통),경력,학력무관,강남구,정규직,,,DS
㈜칸타코리아,[칸타코리아] 월드패널 사업부 Data Quality Analyst (attractive offer제,경력2년↑,대졸↑,영등포구,정규직,,,DS
㈜포이시스,[본사] Dashboard 구현을 위한 Tableau 시각화 & 데이터 분석 경력직 채용,경력무관,대졸↑,금천구,정규직,사원급,,DS
캐롯손해보험㈜,부문별 경력직 대규모 채용,경력1년↑,학력무관,정규직,,,,DS
㈜와치텍,[㈜와치텍] 2025년 상반기 인재 채용,신입·경력,초대졸↑,영등포구,정규직,,,DS
우리에프아이에스㈜,2024년 경력사원 채용 공고,경력3년↑,학력무관,마포구,정규직,,,DS
㈜에스엠피엠씨,[신세계그룹 관계사] 부문별 경력 채용,경력3년↑,학력무관,강남구,정규직,,,DS
잡코리아(유),[잡코리아] Data Scientist (5년 이상),경력5년↑,대졸↑,서초구,정규직,,,DS
한국유미코아배터리머티리얼즈 유한책임회사,한국유미코아 배터리머티리얼즈 하반기 각 부문별 채용,신입·경력,대졸↑,전지역,정규직,,,DS
㈜디베이스앤,[CJ그룹사] CRM 컨설팅 컨설턴트 경력직,경력3년↑,대졸↑,중구,정규직,주임~대리급,,DS
㈜디베이스앤,[CJ그룹] 데이터 분석가/사이언티스트 경력직,경력3년↑,대졸↑,중구,정규직,주임~대리급,,DS
㈜헥토이노베이션,"헥토이노베이션 직군별 채용 (서비스기획,정보보안,영업,영업지원,광고기획,서비스개발,개발,UI/UX,MD)",경력,학력무관,강남구,정규직,,,DS
주식회사 빗썸,2024 빗썸 전직군 채용,경력무관,학력무관,강남구,정규직,,,DS
(주)우아한형제들,각 부문별 경력/신입 인재영입,신입·경력,학력무관,송파구,정규직,,,DS
㈜실바코 코리아,EDA 어플리케이션 엔지니어 (기술직),경력8년↑,석사↑,강동구,정규직,,"5,000~10,000만원",DS
㈜바로팜,데이터 사이언티스트 (전문연구요원),경력1년↑,학력무관,강남구,정규직,,,DS
스펙터,데이터 사이언티스,경력3년↑,학력무관,강남구,정규직,,,DS
㈜디에스이트레이드,[DS-eTrade] DT사업부 경력직,경력3년↑,대졸↑,서초구,정규직,,"3,400~9,000만원",DS
주식회사 더 스윙,데이터 분석가(Data Analyst),경력3년↑,학력무관,용산구,정규직,,,DS
통신대안평가㈜,CSS Modeler,경력3년↑,학력무관,강남구,정규직,,,DS
㈜세종교육,"[IT취업률100프로]무료 취준생모집(국내/일본, 수도권무료숙식 제공/비전공자 가능) 국비무료교육 취업준비",신입·경력,학력무관,강남구,연수생/교육생,,,DS
휴먼교육센터,[국비무료/기숙사무료] 파이썬/데이터분석/인공지능/풀스택(무료숙식제공),신입·경력,학력무관,영등포구,연수생/교육생,,,DS
한국ICT인재개발원,[국비무료IT취업교육]JAVA웹앱/프론트엔드/백엔드/풀스택/빅데이터/인공지능 외 자바개발자취업교육과정/준,신입·경력,고졸↑,연수생/교육생,,,,DS
㈜미래엔,데이터 사이언티스트 채용,경력,서초구,정규직,,,,DS
㈜미래엔,데이터 엔지니어 채용,경력,서초구,정규직,,,,DS
(주)엠포스,[엠포스] 데이터 분석가 경력직 채용,경력2년↑,학력무관,서초구,정규직,,,DS
㈜글로벌엠이엠,[아이디병원] 글로벌 영업관리팀 데이터관리 팀원 채용,신입·경력1년↑,학력무관,강남구,정규직,사원급,,DS
㈜인라이플,[주4.5일근무] 데이터 분석 및 기획자 채용,경력2년↑,학력무관,구로구,정규직,,,DS
서울아산병원,[서울아산병원 연구중심육성과제] AI Scientist 채용,경력,석사↑,송파구,계약직,팀원,,DS
㈜토마토시스템,[(주)토마토시스템] AI데이터 분석 부문 채용(경력),경력3년↑,대졸↑,강남구,정규직,,,DS
㈜비아이매트릭스,[코스닥기업] 업무시스템 개발자 채용,경력5년↑,초대졸↑,강남구,정규직,과장~차장급,,DS
동국시스템즈㈜,[동국시스템즈] IT 인프라(DB / WAS) 운영 담당자 채용 (경력),경력,대졸↑,중구,정규직,사원급,,DS
㈜피엠그로우,[피엠그로우] 데이터 사이언티스트 채용 (전기차 배터리),경력5년↑,대졸↑,서초구,정규직,팀원,,DS
㈜피엠그로우,[피엠그로우] 데이터 분석가 채용 (전기차 배터리),경력2년↑,대졸↑,서초구,정규직,팀원,,DS
㈜하나투어,하나투어 CRM기획팀 경력직 채용,경력3년↑,학력무관,종로구,정규직,,,DS
㈜와이비에스,도시/교통분야 빅데이터 분석 및 AI 알고리즘/모델 구현 경력직 모집,경력,대졸↑,관악구,정규직,,,DS
티맵모빌리티㈜,"[티맵모빌리티] 개발자 채용 (CE, BE, DevOps, Search, DA, 개발PM)",경력2년↑,초대졸↑,중구,정규직,,,DS
더치트주식회사,데이터 애널리스트 / 데이터분석 전문가 / 통계 전문가 / Data Analyst (통,경력무관,대졸↑,구로구,정규직,,"3,000~10,000만원",DS
데브시스터즈㈜,[기술본부] Machine Learning Engineer (경력),경력3년↑,학력무관,강남구,정규직,,,DS
㈜비바리퍼블리카,[토스페이먼츠] Data Analyst (전사 전략),경력,학력무관,강남구,정규직,,,DS
㈜비바리퍼블리카,[토스페이먼츠] Data Analyst (공통),경력,학력무관,강남구,정규직,,,DS
㈜칸타코리아,[칸타코리아] 월드패널 사업부 Data Quality Analyst (attractive offer제,경력2년↑,대졸↑,영등포구,정규직,,,DS
㈜포이시스,[본사] Dashboard 구현을 위한 Tableau 시각화 & 데이터 분석 경력직 채용,경력무관,대졸↑,금천구,정규직,사원급,,DS
㈜스피링크,AI 학습 데이터 설계/구축 PM(프로젝트 매니저),경력5년↑,대졸↑,중구,정규직,,,DS
㈜에크네,데이터 수집 팀원 모집,경력무관,학력무관,마포구,정규직,사원급,,DS
㈜스피랩,경력 AI 개발자 채용,경력,학력무관,강남구,정규직,,,DS
마크클라우드,데이터 분석 및 모델 개발 인턴 모집,경력무관,대졸↑,강남구,인턴,,,DS
한국일보사,[경력]한국일보 데이터 분석 계약직 사원 채용(-12/17),경력2년↑,대졸↑,중구,계약직,,,DS
넛지헬스케어㈜,[캐시워크-병역특례] 데이터분석 담당 산업기능요원,경력무관,학력무관,강남구,병역특례,,,DS
㈜헬스허브,"Excel 전문가, RPA 직무 채용",경력무관,초대졸↑,마포구,인턴,팀원,,DS
펑타이그레이터차이나,[PTKOREA] 글로벌 빅데이터 플랫폼 BI 대시보드 기획/운영 (Data Analysis),경력3년↑,대졸↑,강남구,정규직,,,DS
㈜덴컴,[음성 AI 기업 덴컴] 치과 AI 솔루션 기획 치과위생사 채용,경력3년↑,대졸↑,강남구,정규직,팀원,,DS
㈜스몰머신즈,광학 기술 연구 개발 (전문연구요원 가능),경력무관,대졸↑,송파구,정규직,사원급,,DS
㈜피트릭스,[현대자동차 사내벤처 피트릭스] AI Tech Lead,경력8년↑,석사↑,강남구,정규직,팀장/매니저/실장,,DS
㈜덴컴,[음성 AI 기업 덴컴] AI Team Leader 채용,경력8년↑,대졸↑,강남구,정규직,과장~차장급,,DS
㈜덴컴,[음성 AI 기업 덴컴] ML Optimization 엔지니어 채용,경력3년↑,대졸↑,강남구,정규직,팀원,,DS
㈜밀버스,[밀버스] CRM 및 브랜드 마케터(리드급),경력7년↑,대졸↑,강남구,정규직,팀장/매니저/실장,,DS
㈜아이넥스코퍼레이션,의료 영상분야 신입 AI개발자 채용(삼성동 근무),경력무관,대졸↑,강남구,정규직,,,DS
㈜에이브랩스,데이터 분석 (Data Scientist) 채용,신입·경력,학력무관,용산구,정규직,,"3,800~9,000만원",DS
㈜인포시즈,[병역특례] AI Engineer 모집,신입,대졸↑,강남구,정규직,,,DS
㈜에이데이타,데이터 이행/ETL 개발 PL 경력직 채용합니다.,경력,대졸↑,성동구,정규직,,,DS
한국평가데이터㈜,[DB분석 및 마케팅] 한국평가데이터 계약직원 채용,경력무관,대졸↑,영등포구,계약직,,,DS
에이스아메리칸화재해상보험㈜,[라이나손해보험] Data Analyst (과장),경력7년↑,대졸↑,종로구,정규직,과장~차장급,,DS
㈜세컨신드롬,[미니창고 다락] 그로스 PM 채용,경력5년↑,학력무관,서초구,정규직,,,DS
㈜한국정보공작소,연구소장님을 모십니다. (AI 비전시스템 개발 총괄 및 개발),경력8년↑,대졸↑,금천구,정규직,부장급,,DS
㈜실리콘스튜디오코리아,자동차 3D 데이터 기술 지원 엔지니어 신입 및 경력 채용,신입·경력,대졸↑,송파구,정규직,,,DS
㈜그루텍,"IT/데이터 컨설턴트(ISP, 거버넌스, IT 관리 및 전략), 데이터 품질",신입·경력2년↑,학력무관,송파구,정규직,사원급,,DS
㈜한국정보공작소,[기업부설연구소] AI 기반 비전시스템 개발 정규직 전문연구원 모집,신입·경력1년↑,대졸↑,금천구,정규직,주임~대리급,,DS
㈜트릿지,[TRIDGE] Data Scientist (산업기능요원),경력무관,학력무관,서초구,계약직,,,DS
매드업,[테크사업부] AI Engineer 채용,경력3년↑,대졸↑,서초구,정규직,,,DS
콘센트릭스서비스코리아(유),GA/AA 데이터 분석,경력1년↑,학력무관,강남구,정규직,,,DS
㈜리로소프트,사업기획 / 서비스기획 경력직 채용,경력3년↑,학력무관,구로구,정규직,,,DS
한국딥러닝㈜,AI 엔지니어(데이터),경력3년↑,학력무관,서초구,정규직,팀원,,DS
㈜푸드테크,㈜푸드테크 IT부문 인프라/델파이 개발자 채용,경력,학력무관,강남구,정규직,,,DS
씨앤토트㈜,데이터 분석 및 시각화 (경력),경력3년↑,고졸↑,서초구,정규직,,,DS
콘센트릭스서비스코리아(유),비지니스 컨설턴트 (Data 분석),경력9년↑,학력무관,강남구,정규직,,,DS
컴플랜컴퍼니,[컴플랜컴퍼니] 바이럴 마케팅 회사 분야별 채용 모집,신입·경력,학력무관,성동구,정규직,,,DS
야놀자,Data Scientist,경력2년↑,학력무관,강남구,정규직,,,DS
㈜학산,테라로사 IT팀 경력사원 모집,경력3년↑,학력무관,중구,정규직,,,DS
한국비앤에스시스템(주),"DW,BI-OLAP 개발 정규직 모집 공고",신입·경력2년↑,초대졸↑,금천구,정규직,사원급,,DS
㈜솔메딕스,[㈜솔메딕스] 2024년 각 부문별 경력채용,경력2년↑,고졸↑,마포구,정규직,,,DS
㈜기어세컨드,데이터 엔지니어(DE) 채용,경력3년↑,학력무관,마포구,정규직,사원급,"4,000~8,000만원",DS
㈜고픽커뮤니케이션,[고픽커뮤니케이션] 스포츠 데이터 사이언티스트,경력5년↑,학력무관,성동구,정규직,과장~차장급,,DS
씽킹데이터코리아㈜(THINK,Thinkingdata 글로벌 게임 데이터 분석 솔루션 - 애널리스트 채용,경력3년↑,대졸↑,서초구,정규직,,"3,600~6,000만원",DS
씨앤토트㈜,"빅데이터 분석 시스템 모델러, 데이터 아키텍트 (DA) 모집 (경력)",경력5년↑,고졸↑,서초구,정규직,,,DS
㈜모비릭스,[모비릭스] 게임DATA팀 데이터 분석 경력직 모집,경력1년↑,학력무관,금천구,정규직,사원급,,DS
㈜비케이브,[비케이브] IT CRM 시스템 운영자 경력채용,경력2년↑,초대졸↑,마포구,정규직,,,DS
피플리,[피플리] Data Scientist 경력직 채용(5년이상),경력5년↑,학력무관,마포구,정규직,,,DS
㈜파고네트웍스,2024년 하반기 - 파고네트웍스 채용 (네트워크 트래픽 분석가),신입·경력,학력무관,용산구,정규직,,,DS
㈜오픈메이트,"[오픈메이트] 데이터엔지니어, 데이터모델러, DW, ETL 직무 인재 모집(정규)",경력2년↑,학력무관,중구,정규직,,,DS
㈜아티언스,[해외 디지털마케팅] 검색엔진최적화 SEO 컨설턴트 채용(신입),신입,초대졸↑,마포구,정규직,,,DS
㈜엠폴,(주)엠폴 AI데이터 사이언티스트 모집합니다.,경력5년↑,학력무관,강서구,정규직,,,DS
㈜인포시즈,[경력] Graph Engineer 모집,경력3년↑,석사↑,강남구,정규직,,,DS
㈜인포시즈,[경력] AI Engineer 모집,경력3년↑,석사↑,강남구,정규직,,,DS
㈜버블콘,(주)버블콘 학습 분석 전문가로 성장할 인재 채용 (Learning Analytics Specialist),신입·경력,대졸↑,중구,정규직,,,DS
㈜인포시즈,[신입/경력무관] AI Engineer 모집,신입,석사↑,강남구,정규직,,,DS
인사이트뷰테크㈜,[인사이트뷰테크] 데이터베이스 구축 및 기술 상품화 (번개장터 자회사),신입·경력,대졸↑,성동구,계약직,,,DS
마크클라우드,"AI 개발(Python), 데이터 분석 및 사업 기획 신규/경력 모집 - 정규직",신입·경력,대졸↑,강남구,정규직,,,DS
주식회사 데이블,Senior Data Scientist (3년 이상),경력3년↑,대졸↑,강남구,정규직,,,DS
㈜엠폴,(주)엠폴 R&D 연구소장 채용합니다.,경력5년↑,학력무관,강서구,정규직,,,DS
에쓰오씨소프트㈜,"데이터분석가, 인공지능 개발자 채용 공고",경력2년↑,초대졸↑,구로구,정규직,,,DS
㈜밀버스,CRM 마케터(경력 3년 이상) 모집,경력3년↑,대졸↑,강남구,정규직,,,DS
원프레딕트,Data Platform Engineer(전문연구요원),경력무관,석사↑,강남구,정규직,,,DS
타이키테크놀로지스㈜,자동차 부품 유통 사업부 Product Listing Intern 채용,신입,학력무관,강남구,인턴,,,DS
㈜앰버로드,데이터 사이언티스트 정규직 채용,경력2년↑,학력무관,강남구,정규직,,"5,000~10,000만원",DS
㈜델타엑스,AI 연구원 및 개발자 모집,경력무관,대졸↑,구로구,정규직,이상,"3,000만원",DS
탑클릭,[경기/부천] 웹기획 정규직 채용,경력3년↑,대졸↑,강서구,정규직,이상,"4,000만원",DS
㈜동인코퍼레이션,BI/OLAP 엔지니어 채용,경력2년↑,초대졸↑,송파구,정규직,팀원,,DS
㈜기어세컨드,데이터 분석가 채용,경력무관,학력무관,마포구,정규직,사원급,"4,000~8,000만원",DS
㈜화이트스캔,[데이터분석] 경력직 채용,경력,대졸↑,용산구,정규직,,,DS
타이키테크놀로지스㈜,자동차 부품 유통 사업부 Product Listing Manager 채용,경력1년↑,학력무관,강남구,정규직,,,DS
㈜에비드넷,"사업개발(RWE, RWD Consultant)",경력5년↑,대졸↑,강남구,정규직,,,DS
에이스올루션글로벌㈜,안드로이드 테스트 엔지니어 모집,경력2년↑,학력무관,성동구,계약직,,520~800만원(월),DS
타이키테크놀로지스㈜,글로벌 가격 비교 플랫폼 Junior Product Manager 채용,경력2년↑,학력무관,강남구,정규직,,,DS
㈜잘레시아,"DW 개발자 - Microsoft Fabric, Azure 기반 DW",경력5년↑,대졸↑,서초구,정규직,과장~차장급,"4,500~6,000만원",DS
㈜한국정보기술단,데이터표준품질부문 경력채용 (정규직),경력3년↑,대졸↑,서초구,정규직,,,DS
㈜커넥트웨이브,[커넥트웨이브] 메이크샵 데이터 엔지니어 채용(경력),경력3년↑,학력무관,금천구,정규직,,,DS
넛지헬스케어㈜,[캐시워크] 데이터분석가 - 석사/박사,경력무관,석사↑,강남구,정규직,,,DS
㈜파오스파트너스,"(주)파오스파트너스 -DB관리, DB생성, DB분석 경력자 채용",경력2년↑,초대졸↑,용산구,정규직,사원급,,DS
㈜올포랜드,해양사업본부 경력직 공개채용,경력,초대졸↑,강서구,정규직,주임~대리급,,DS
데이터마케팅코리아,(주)데이터마케팅코리아 데이터컨설팅(경력) 직무 채용,경력3년↑,대졸↑,강남구,정규직,팀원,,DS
바이온사이트,Senior ML Engineer 채용,경력10년↑,석사↑,성동구,정규직,,"4,000~12,000만원",DS
바이온사이트,Data Scientist 채용,경력3년↑,대졸↑,성동구,정규직,,"4,000~12,000만원",DS
㈜아이리,(주)아이리 전략기획실 모집,경력무관,대졸↑,강남구,계약직,이상,"3,000만원",DS
바이온사이트,Junior ML Engineer 채용,경력3년↑,대졸↑,성동구,정규직,,"4,000~12,000만원",DS
㈜파오스파트너스,"(주)파오스파트너스 공채 채용-DB관리, DB생성",신입·경력,초대졸↑,용산구,정규직,사원급,,DS
㈜부동산플래닛,[데이터분석가] Data Analyst 채용,신입·경력,석사↑,강남구,정규직,,,DS
메타빌드㈜,메타빌드(주) AI 개발자 인재 채용,경력무관,대졸↑,서초구,정규직,,,DS
넛지헬스케어㈜,[캐시워크] 데이터분석 담당 채용전환형 인턴,신입,대졸↑,강남구,인턴,사원급,,DS
대상정보기술㈜,[대상정보기술] 각 부문별 신입ㆍ경력 채용,신입·경력,학력무관,광진구,정규직,,,DS
㈜퓨전소프트,공공서비스 Java 개발자 채용,경력4년↑,학력무관,중구,프리랜서,,,DS
(주)LG생활건강,상시인재 Pool 등록(신입)-설비구매,신입,,종로구,,,,DS
(주)LG생활건강,상시인재 채용(신입)-전략,신입,,종로구,,,,DS
(주)LG생활건강,상시인재 Pool 등록(신입)-개발구매,신입,,종로구,,,,DS
(주)LG생활건강,상시인재 Pool 등록(신입)-SCM,신입,,종로구,,,,DS
(주)LG생활건강,상시인재 Pool 등록(신입)-데이터분석,신입,,종로구,,,,DS
(주)LG생활건강,상시인재 Pool 등록(신입)-PI(Process Innovation),신입,,종로구,,,,DS
(주)LG생활건강,상시인재 Pool 등록(신입)-환경안전,신입,,종로구,,,,DS
(주)LG생활건강,상시인재 Pool 등록(신입)-노경,신입,,종로구,,,,DS
(주)LG생활건강,상시인재 Pool 등록(신입)-HRM,신입,,종로구,,,,DS
(주)LG생활건강,상시인재 Pool 등록(신입)-HRD,신입,,종로구,,,,DS
(주)LG생활건강,상시인재 Pool 등록(신입)-재경,신입,,종로구,,,,DS
(주)LG생활건강,상시인재 Pool 등록(신입)-VMD,신입,,종로구,,,,DS
(주)LG생활건강,상시인재 Pool 등록(신입)-Product Design,신입,,종로구,,,,DS
(주)LG생활건강,상시인재 Pool 등록(신입)-Interior Design,신입,,종로구,,,,DS
(주)LG생활건강,상시인재 Pool 등록(신입)-Graphic Design,신입,,종로구,,,,DS
(주)LG생활건강,상시인재 Pool 등록(신입)-효능 개발연구,신입,,종로구,,,,DS
(주)LG생활건강,상시인재 Pool 등록(신입)-향 연구,신입,,종로구,,,,DS
(주)LG생활건강,상시인재 Pool 등록(신입)-음료/건강기능식품 개발연구,신입,,종로구,,,,DS
(주)LG생활건강,상시인재 Pool 등록(신입)-소비자연구,신입,,종로구,,,,DS
(주)LG생활건강,상시인재 Pool 등록(신입)-생활용품 개발연구,신입,,종로구,,,,DS
(주)LG생활건강,상시인재 Pool 등록(신입)-색조 화장품 개발연구/색채연구,신입,,종로구,,,,DS
(주)LG생활건강,상시인재 Pool 등록(신입)-미래기반연구,신입,,종로구,,,,DS
(주)LG생활건강,상시인재 Pool 등록(신입)-기초 화장품 개발연구,신입,,종로구,,,,DS
(주)LG생활건강,상시인재 Pool 등록(신입)-영업관리,신입,,종로구,,,,DS
(주)LG생활건강,상시인재 Pool 등록(신입)-디지털커머스,신입,,종로구,,,,DS
(주)LG생활건강,상시인재 Pool 등록(신입)-HDB브랜드마케팅,신입,,종로구,,,,DS
(주)LG생활건강,상시인재 Pool 등록(신입) - Beauty브랜드마케팅,신입,,종로구,,,,DS
㈜누리미디어,[서비스] 데이터 애널리스트 (경력),경력6년↑,학력무관,마포구,정규직,,,DS
엠플러스정보시스템㈜,OO화학 차세대 POS 시스템 구축,경력4년↑,학력무관,강남구,프리랜서,,,DS
SDL International Korea Office,"[RWS] AI 프롬프트 평가 작업 / 데이터 스페셜리스트 / 프리랜서, 재택",경력무관,초대졸↑,강남구,프리랜서,,,DS
㈜가온비즈아이,빅데이터 통계/분석 경력자 모집 (12월말 을지로 3개월),경력10년↑,초대졸↑,중구,프리랜서,과장~차장급,,DS
SDL International Korea Office,[RWS] AI 모델 온라인 평가자 모집,경력무관,초대졸↑,강남구,프리랜서,,,DS
한국비앤에스시스템(주),"ETL 개발자 , DW/DM 모델러 모집",경력,초대졸↑,중구,프리랜서,과장~차장급,,DS
㈜필그림소프트,김포공항.DB모델링.설계.즉시-운영.고급1명,경력10년↑,초대졸↑,강서구,프리랜서,,,DS
지케이코리아,IT 교육 실습보조 모집,경력무관,대졸↑,금천구,아르바이트,,"20,000원(시)",DS
팀스파르타㈜,"[내일배움캠프] 온라인 튜터 대규모 모집(데이터/Unreal/PM/Spring) - 재택근무, 사이드잡 가능",경력1년↑,학력무관,강남구,프리랜서,,,DS
㈜바이오컴,[AI 헬스케어] 개발/기획/마케팅/회계/변호사 인재영입,경력3년↑,학력무관,강서구,정규직,,,ML
㈜미니게이트,[경력 3년이상] ML(AI)Engineer,경력3년↑,학력무관,강남구,정규직,주임~대리급,,ML
㈜연합인포맥스,연합인포맥스 금융공학연구소 신입/경력 사원 모집,신입·경력,학력무관,종로구,정규직,,,ML
㈜폴리인스퍼레이션,"폴리인스퍼레이션 채용(캠퍼스지원, 마케팅, R&D, IT, 출판)",경력,학력무관,송파구,정규직,,,ML
딥로딩,AI 개발 연구원 채용(대졸신입)-취업과 석사취득을 동시에,신입,대졸↑,서초구,정규직,사원급,,ML
㈜이스트소프트,음성 인식(STT) 머신러닝,경력3년↑,학력무관,서초구,정규직,,,ML
㈜웅진,[경력] AI개발자,경력3년↑,학력무관,중구,정규직,,,ML
㈜알라딘커뮤니케이션,AI 엔지니어 개발자,경력5년↑,학력무관,중구,정규직,,,ML
㈜헥토이노베이션,"헥토이노베이션 직군별 채용 (서비스기획,정보보안,영업,영업지원,광고기획,서비스개발,개발,UI/UX,MD)",경력,학력무관,강남구,정규직,,,ML
(주)우아한형제들,각 부문별 경력/신입 인재영입,신입·경력,학력무관,송파구,정규직,,,ML
플렉스매치(주),커머스 플랫폼 AI 개발자,경력3년↑,학력무관,구로구,정규직,,,ML
빅웨이브로보틱스㈜,AI Researcher,경력,대졸↑,강남구,정규직,,,ML
㈜데이터노우즈,AI/ML 엔지니어(2년-5년),경력2년↑,대졸↑,강남구,정규직,,,ML
㈜아이스크림아트,AI연구소 AI기반 연구팀원 (경력),경력5년↑,대졸↑,강남구,정규직,주임~대리급,,ML
㈜아이스크림아트,AI연구소 AI기반 연구팀장,경력7년↑,대졸↑,강남구,정규직,주임~대리급,,ML
그로들,AI LLM 개발자,경력6년↑,대졸↑,강남구,정규직,,,ML
토르드라이브,시니어 소프트웨어 엔지니어 Perception,경력3년↑,석사↑,영등포구,정규직,,,ML
메디웨일,머신러닝 엔지니어,신입,학력무관,강남구,정규직,,,ML
딥브레인 AI,머신러닝/딥러닝 엔지니어 (전문연구요원 가능),경력,석사↑,강남구,정규직,,,ML
㈜옵트에이아이,[병역특례]LLM Research 엔지니어,경력1년↑,석사↑,강서구,정규직,,,ML
㈜옵트에이아이,LLM Research 엔지니어,경력1년↑,석사↑,강서구,정규직,,,ML
㈜옵트에이아이,[병역특례]모델 컴프레션 리서치 엔지니어,경력1년↑,석사↑,강서구,정규직,,,ML
㈜옵트에이아이,모델 컴프레션 리서치 엔지니어,경력1년↑,석사↑,강서구,정규직,,,ML
㈜옵트에이아이,임베디드 AI 개발자 (C++),경력1년↑,석사↑,강서구,정규직,,,ML
㈜옵트에이아이,[병역특례]임베디드 AI 개발자 (C++),경력1년↑,석사↑,강서구,정규직,,,ML
㈜시어스랩,3D 비전 엔지니어,경력3년↑,대졸↑,서초구,정규직,주임~대리급,"4,000~10,000만원",ML
㈜옵트에이아이,[병역특례]비전 AI 어플리케이션 엔지니어,경력1년↑,석사↑,강서구,정규직,,,ML
㈜옵트에이아이,비전 AI 어플리케이션 엔지니어,경력1년↑,석사↑,강서구,정규직,,,ML
㈜시어스랩,AI 엔지니어,경력3년↑,대졸↑,서초구,정규직,주임~대리급,"4,000~10,000만원",ML
블루닷㈜,딥러닝 알고리즘 엔지니어,경력6년↑,대졸↑,강남구,정규직,,,ML
비솔,[가산] 컴퓨터 비전 AI 개발,경력5년↑,학력무관,금천구,정규직,,,ML
㈜와탭랩스,AI/ML 엔지니어,경력5년↑,학력무관,서초구,정규직,,,ML
웨이센,AI Research Engineer 시니어,경력5년↑,대졸↑,강남구,정규직,,,ML
블루닷㈜,딥러닝 알고리즘 엔지니어(신입),신입,대졸↑,강남구,정규직,,,ML
㈜모빌린트,NPU FAE,경력5년↑,학력무관,강남구,정규직,,,ML
㈜모빌린트,NPU Compiler Engineer,경력1년↑,학력무관,강남구,정규직,,,ML
㈜모빌린트,NPU Platform Engineer,경력5년↑,학력무관,강남구,정규직,,,ML
㈜모빌린트,DL Optimization Engineer,경력1년↑,학력무관,강남구,정규직,,,ML
㈜옵트에이아이,머신비전 엔지니어,경력1년↑,석사↑,강서구,정규직,,,ML
㈜모빌린트,DL Research Engineer,경력1년↑,학력무관,강남구,정규직,,,ML
㈜세종교육,"[IT취업률100프로]무료 취준생모집(국내/일본, 수도권무료숙식 제공/비전공자 가능) 국비무료교육 취업준비",신입·경력,학력무관,강남구,연수생/교육생,,,ML
엠비씨(MBC)아카데미 컴퓨터교육센터,"[서울/경기] 수강료 0원 무료 취업교육생 과정모집(인공지능AI,빅데이터,풀스택,웹디자인,게임,메타버스)",신입·경력,고졸↑,관악구,연수생/교육생,,,ML
휴먼교육센터,[국비무료/기숙사무료] 파이썬/데이터분석/인공지능/풀스택(무료숙식제공),신입·경력,학력무관,영등포구,연수생/교육생,,,ML
한국ICT인재개발원,[국비무료IT취업교육]JAVA웹앱/프론트엔드/백엔드/풀스택/빅데이터/인공지능 외 자바개발자취업교육과정/준,신입·경력,고졸↑,연수생/교육생,,,,ML
(재)씨젠의료재단,(재)씨젠의료재단 AI연구소 AI연구개발팀 전문인력채용,경력2년↑,석사↑,성동구,정규직,주임~대리급,,ML
㈜빅밸류,[빅밸류] Data Architect 모집,경력무관,학력무관,중구,정규직,사원급,,ML
서울아산병원,[서울아산병원 연구중심육성과제] AI Scientist 채용,경력,석사↑,송파구,계약직,팀원,,ML
에스디바이오센서㈜,[12월/경력/청담] AI(알고리즘) 개발 팀장 채용,경력,대졸↑,강남구,정규직,,,ML
㈜피엠그로우,[피엠그로우] 데이터 사이언티스트 채용 (전기차 배터리),경력5년↑,대졸↑,서초구,정규직,팀원,,ML
㈜피엠그로우,[피엠그로우] 데이터 분석가 채용 (전기차 배터리),경력2년↑,대졸↑,서초구,정규직,팀원,,ML
㈜미니게이트,[경력 3년 이상] ML(AI) Engineer 모집합니다.,경력3년↑,학력무관,강남구,정규직,주임~대리급,,ML
더치트주식회사,데이터 애널리스트 / 데이터분석 전문가 / 통계 전문가 / Data Analyst (통,경력무관,대졸↑,구로구,정규직,,"3,000~10,000만원",ML
㈜머니무브,신용평가시스템(CSS) 개발 및 운영 담당자 채용,경력2년↑,학력무관,강남구,정규직,,,ML
바이다,㈜바이다 각 부문별 경력 및 신입 채용,신입·경력,초대졸↑,중구,정규직,,,ML
핫셀러,"[핫셀러] 개발 직군 신입/경력 채용 (백엔드, 플러터)",신입·경력,학력무관,동대문구,정규직,,,ML
㈜천재교육,[천재교육] AI센터 언어처리팀 각 부문별 개발자 모집(경력),경력5년↑,학력무관,금천구,정규직,팀원,,ML
㈜클래스유,[클래스유] 머신러닝 엔지니어,경력3년↑,대졸↑,중구,정규직,,,ML
㈜천재교육,[천재교육] AI센터 이미지검색팀 LLM Application 개발자 모집,경력1년↑,학력무관,금천구,정규직,팀원,,ML
트리플하이엠,[연구소] 온라인 마케팅 데이터 분석 및 설계 (경력),경력2년↑,대졸↑,금천구,정규직,팀원,,ML
㈜비바리퍼블리카,Data Scientist(Image Generation),경력,학력무관,강남구,정규직,,,ML
㈜비바리퍼블리카,Data Scientist(CSS),신입,학력무관,강남구,정규직,,,ML
㈜마크애니,인공지능/컴퓨터 비전 연구개발 신입/경력사원 채용,신입·경력3년↑,석사↑,중구,정규직,,,ML
㈜알라딘커뮤니케이션,AI 엔지니어 개발자,경력5년↑,학력무관,중구,정규직,,,ML
주식회사 여기어때컴퍼니,RPA Engineer,경력3년↑,학력무관,강남구,정규직,,,ML
제이씨현시스템㈜,제이씨현시스템(주) AI연구소장 채용 (경력),경력5년↑,대졸↑,용산구,정규직,팀원,,ML
㈜이씨마이너,"빅데이터/AI 솔루션 개발자/C++/신입,경력 모집",신입·경력,대졸↑,강남구,정규직,,,ML
㈜빅밸류,[빅밸류] Data Scientist(공통) 모집,경력무관,학력무관,중구,정규직,사원급,,ML
㈜이씨마이너,빅데이터/AI 분석전문가,신입·경력,대졸↑,강남구,정규직,이상,"3,500만원",ML
㈜크래프톤,[AI] Deep Learning Engineer - RL (경력 무관),신입·경력,강남구,정규직,,,,ML
㈜크래프톤,[AI] Game AI Contents Programmer (2년 이상),경력,강남구,정규직,,,,ML
㈜크래프톤,[AI] AI Engineer - NLP/Chatbot (3년 이상),경력,석사↑,강남구,정규직,,,ML
㈜크래프톤,[AI] Deep Learning Service Dev Team Lead (6년 이상),경력,강남구,정규직,,,,ML
㈜크래프톤,[AI] Junior/Senior Research Scientist - Data-centric AI (2년-7년),경력,강남구,정규직,,,,ML
㈜크래프톤,[AI] Research Scientist - LLM (2년 이상),경력,석사↑,강남구,정규직,,,ML
㈜크래프톤,[AI] Research Scientist - Theory (경력무관),신입·경력,석사↑,강남구,정규직,,,ML
㈜크래프톤,[AI] Deep Learning R&D Internship (인턴),신입,대졸↑,강남구,인턴,,,ML
기아㈜,기아 경력 상시채용 ICT 부문,경력3년↑,대졸↑,서초구,정규직,,,ML
㈜제노레이,[신입 / 경력] 소프트웨어(SW) 우수인재 모집,신입·경력,대졸↑,강남구,정규직,사원급,,ML
잡코리아(유),잡코리아 Tech 인재 상시채용,경력무관,대졸↑,서초구,정규직,,,ML
기산전자㈜,(기술연구소) AI분야 SW연구원 채용,경력3년↑,대졸↑,성동구,정규직,,,ML
뉴로핏㈜,[의료AI기업] 영상 기반 AI 연구원 / 뇌공학 연구원 모집,신입·경력2년↑,석사↑,강남구,정규직,,,ML
큐팁,"딥러닝 리서치 엔지니어 채용 (자연어처리, 컴퓨터비전 등)",경력2년↑,대졸↑,금천구,정규직,,"4,500~7,200만원",ML
㈜이에스피시스템즈,AI Agent 기획 및 서비스 개발자 구합니다.,경력,학력무관,영등포구,정규직,,,ML
㈜라피치,[AI음성기술기업] 기업부설연구소 전문연구요원 채용(병역특례),경력무관,석사↑,강남구,정규직,사원급,,ML
인튜브,빅데이터 분석 및 알고리즘 모델링 경력 사원 모집,경력2년↑,학력무관,강남구,정규직,사원급,,ML
㈜뷰런테크놀로지,[Vueron] Perception Engineer(자율주행 인지 개발자),신입·경력1년↑,대졸↑,서초구,정규직,팀원,,ML
㈜뷰런테크놀로지,[Vueron] Deep Learning Engineer(딥러닝 개발자),신입·경력1년↑,석사↑,서초구,정규직,팀원,,ML
㈜크리에이츠,비전 알고리즘 개발자 (1년 이상),경력1년↑,학력무관,서초구,정규직,사원급,,ML
㈜씨프로,[가산] 2025년 Embedded Linux Device Driver (BSP) 개발자 채용.,경력3년↑,대졸↑,금천구,정규직,사원급,,ML
㈜스타마타,R&D 부문 신입 및 경력 사원 수시채용,경력무관,대졸↑,강남구,정규직,,,ML
(주)퀀타매트릭스,[코스닥상장사] AI엔지니어 모집,경력3년↑,대졸↑,금천구,정규직,주임~대리급,,ML
㈜코드랩이앤티,(빅데이터/AI/파이썬/자바/C#/PLC/유니티) 멘토(훈련보조강사) 채용,경력1년↑,대졸↑,금천구,정규직,,,ML
굿어스데이터㈜,시스템 엔지니어 (신입),신입,학력무관,강남구,정규직,팀원,,ML
㈜젠티,[젠티] 인공지능(AI) 엔지니어 모집(병역특례 전문연구요원 포함),신입·경력,대졸↑,구로구,정규직,사원급,"3,600~10,000만원",ML
에스디티 주식회사,[강남/선릉][기업부설연구소] 하드웨어 설계 엔지니어,경력2년↑,초대졸↑,강남구,정규직,사원급,,ML
㈜이엑서비션,모델링 이미지 프로세싱 개발 구인 합니다.,경력2년↑,초대졸↑,강남구,정규직,팀장/매니저/실장,"3,500~3,800만원",ML
㈜엘로이랩,[서울/AI 초분광 솔루션] AI연구소 AI Researcher 채용(경력),경력,석사↑,구로구,정규직,사원급,,ML
㈜스피링크,[TEXTNET] LLM 기반 풀스택 개발자 채용,경력3년↑,대졸↑,중구,정규직,,,ML
스피치로그㈜,데이터 엔지니어/머신러닝 엔지니어/플랫폼 개발자/프로젝트 매니저 채용,경력3년↑,초대졸↑,용산구,정규직,,,ML
㈜엘로이랩,[서울/AI 초분광 솔루션] 병역특례 AI Researcher 채용,신입·경력,석사↑,구로구,병역특례,사원급,,ML
㈜지에프씨코리아,나라장터(조달) 입찰 - 통계 수학 숫자 공식 정리,경력무관,학력무관,금천구,계약직,,,ML
㈜엘로이랩,[서울/AI 초분광 솔루션] AI Application Engineer 병역 특례 채용,신입·경력,대졸↑,구로구,병역특례,사원급,,ML
㈜메디노드,[스타트업] 메디노드에 합류하실 `AI 개발 (팀장/리더 급)` 분을 모십니다,경력7년↑,석사↑,금천구,정규직,,,ML
㈜엘로이랩,[서울/AI 초분광 솔루션] AI Application Engineer 채용(경력),경력,대졸↑,구로구,정규직,사원급,,ML
에스씨301의원,[SC301의원 삼성동/코엑스] 성형외과 AI엔지니어/개발자(경력자)를 모십니다.,경력,초대졸↑,강남구,정규직,,"5,000~7,000만원",ML
㈜엘로이랩,[서울/AI 초분광 솔루션] AI Application Engineer 인턴 채용,신입,대졸↑,구로구,인턴,사원급,,ML
㈜뉴냅스,[뉴냅스] AI 연구원 채용 공고,경력무관,대졸↑,송파구,정규직,,,ML
시티아이랩㈜,[양재/AI 스타트업] [시티아이랩(주)] 연구원(인턴/신입/경력) 채용,신입·경력,초대졸↑,서초구,정규직,이상,"3,000만원",ML
메디픽셀,[Medipixel] Marketing Manager,경력5년↑,대졸↑,강남구,정규직,,,ML
㈜포디아이비젼,C/C++/Linux 펌웨어 및 임베디드 엔지니어 모집,경력무관,대졸↑,서초구,정규직,,,ML
㈜지브이랩,"머신 비전 프로그램 개발자 (딥러닝, 이미지 프로세싱, 시스템 제어, C++ )",경력3년↑,학력무관,금천구,정규직,이상,"4,000만원",ML
㈜바스젠바이오,"AI약물개발본부 유전체, System biology 분석 연구원 채용 (신입/경력)",경력무관,석사↑,마포구,정규직,주임~대리급,,ML
㈜포디아이비젼,OpenCV/MATLAB/TensorFlow/Python/C/C++/Linux 알고리즘 개발 (팀원)(팀장),신입·경력,대졸↑,서초구,정규직,팀원,,ML
아이칩,"기술개발연구소, 인공지능/헬스케어 소프트웨어 개발 신입/경력 모집",신입·경력,대졸↑,금천구,정규직,,,ML
파인트리파트너스㈜,함께 성장할 분석 컨설턴트 모집합니다.,신입·경력3년↑,대졸↑,마포구,정규직,,"4,000~10,000만원",ML
파인트리파트너스㈜,함께 성장할 생성형 AI 엔지니어를 모집합니다.,신입·경력3년↑,대졸↑,마포구,정규직,,"4,000~10,000만원",ML
굿어스데이터㈜,"시스템 엔지니어 (경력 1년 이상, 15년 이하)",경력1년↑,초대졸↑,강남구,정규직,팀원,,ML
㈜아이스크림아트,(주)아이스크림아트 AI연구소 AI기반연구팀장/팀원(경력) 채용,경력5년↑,대졸↑,강남구,정규직,과장~차장급,,ML
㈜두원전자통신,[(주)두원전자통신] 인공지능 AI 서비스 개발 및 유지보수 경력직(팀장급),경력6년↑,대졸↑,금천구,정규직,과장~차장급,,ML
㈜스피링크,AI 학습 데이터 설계/구축 PM(프로젝트 매니저),경력5년↑,대졸↑,중구,정규직,,,ML
㈜RGA Inc.,로봇 AI 음성(책임/선임급) 개발 연구원 채용,경력무관,석사↑,서초구,정규직,주임~대리급,"3,600~12,000만원",ML
㈜스피랩,경력 AI 개발자 채용,경력,학력무관,강남구,정규직,,,ML
마크클라우드,데이터 분석 및 모델 개발 인턴 모집,경력무관,대졸↑,강남구,인턴,,,ML
비아이매트릭스,[코스닥기업] 생성형 AI 엔지니어 채용,경력5년↑,대졸↑,강남구,정규직,과장~차장급,,ML
비아이매트릭스,[코스닥기업] 생성형 AI 컨설턴트 채용,경력2년↑,대졸↑,강남구,정규직,,,ML
㈜티디지,[티디지] M365 엔지니어 채용 (경력),경력2년↑,초대졸↑,강남구,정규직,팀원,,ML
㈜덴컴,[음성 AI 기업 덴컴] 치과 AI 솔루션 기획 치과위생사 채용,경력3년↑,대졸↑,강남구,정규직,팀원,,ML
㈜마인드에이아이,Reinforcement Learning Engineer,경력무관,석사↑,강서구,정규직,,,ML
㈜피트릭스,[현대자동차 사내벤처 피트릭스] AI Tech Lead,경력8년↑,석사↑,강남구,정규직,팀장/매니저/실장,,ML
㈜덴컴,[음성 AI 기업 덴컴] AI Team Leader 채용,경력8년↑,대졸↑,강남구,정규직,과장~차장급,,ML
㈜덴컴,[음성 AI 기업 덴컴] ML Optimization 엔지니어 채용,경력3년↑,대졸↑,강남구,정규직,팀원,,ML
㈜마인드에이아이,Software Engineer,경력3년↑,대졸↑,강서구,정규직,,,ML
㈜덴컴,[음성 AI 기업 덴컴] 기술 총 책임자(CTO) 채용,경력10년↑,대졸↑,강남구,정규직,본부장/센터장,,ML
㈜마인드에이아이,Data Engineer,신입·경력2년↑,대졸↑,강서구,정규직,,,ML
㈜인딥에이아이,AI채용솔루션 백엔드 개발자(NLP 및 데이터 처리) 우수인재 모집,신입·경력1년↑,대졸↑,강남구,정규직,주임~대리급,"3,000~4,000만원",ML
㈜에이브랩스,데이터 분석 (Data Scientist) 채용,신입·경력,학력무관,용산구,정규직,,"3,800~9,000만원",ML
㈜인딥에이아이,AI채용솔루션 프롬프트엔지니어 우수인재 모집,경력2년↑,대졸↑,강남구,정규직,주임~대리급,"3,500~4,500만원",ML
㈜딥노이드,의료R&D본부 - 뇌영상연구팀 AI연구원,경력3년↑,석사↑,구로구,정규직,,,ML
㈜한국정보공작소,연구소장님을 모십니다. (AI 비전시스템 개발 총괄 및 개발),경력8년↑,대졸↑,금천구,정규직,부장급,,ML
굿어스데이터㈜,Naver Cloud 엔지니어 (경력 1년 이상 5년 이하) 채용,경력1년↑,학력무관,강남구,정규직,팀원,,ML
㈜리플에이아이,[RippleAI] 서울대 컴퓨터공학부 교수님과 함께할 AI연구원(비전/NLP) 모집,경력무관,대졸↑,마포구,정규직,팀원,"4,500~7,000만원",ML
㈜한국정보공작소,[기업부설연구소] AI 기반 비전시스템 개발 정규직 전문연구원 모집,신입·경력1년↑,대졸↑,금천구,정규직,주임~대리급,,ML
㈜트릿지,[TRIDGE] ML Engineer (산업기능요원),경력무관,학력무관,서초구,계약직,,,ML
매드업,[테크사업부] AI Engineer 채용,경력3년↑,대졸↑,서초구,정규직,,,ML
㈜영유진,IT 컨설턴트 채용,경력무관,대졸↑,송파구,정규직,,,ML
㈜원아이소프트,풀스텍 개발자 채용 공고,경력5년↑,대졸↑,강남구,정규직,과장~차장급,,ML
㈜버블콘,(주)버블콘 백엔드 개발 PL/PM 경력 채용 (Python),경력7년↑,학력무관,구로구,정규직,과장~차장급,,ML
디에스㈜,디에스(DEEPSEERS) 경력/신입 개발자 채용 공고,신입·경력,대졸↑,마포구,정규직,,"3,600~6,000만원",ML
㈜에스아이시티,[SICT] RPA 개발자 및 PM/PL 채용,경력5년↑,초대졸↑,강남구,정규직,,,ML
에너자이,에너자이 AI 컴파일러 엔지니어 채용 공고 (전문연구요원 가능),경력무관,학력무관,강남구,정규직,,,ML
로민,멀티모달 AI 엔지니어 채용,경력2년↑,대졸↑,서초구,정규직,,,ML
㈜RGA Inc.,"로봇 개발(기구설계, SLAM, AI, 소프트웨어플랫폼 등) 채용",경력무관,대졸↑,서초구,정규직,,,ML
㈜리버트론,[정규직] 소프트웨어 개발,신입·경력,대졸↑,영등포구,정규직,,,ML
㈜에스아이시티,[SICT] RPA 개발자 채용,신입·경력1년↑,초대졸↑,강남구,정규직,,,ML
한국딥러닝㈜,AI 엔지니어(데이터),경력3년↑,학력무관,서초구,정규직,팀원,,ML
㈜케타버스,AI 개발자 겸 플랫폼 개발(시스템 엔지니어) 구인/재택근무 가능,경력,초대졸↑,전지역,정규직,과장~차장급,300~400만원(월),ML
㈜나비프라,[나비프라] AI 엔지니어,신입·경력,학력무관,서초구,정규직,,,ML
㈜퀀텀에이아이,[AI SaaS 기업] 인공지능 R&D 연구원 모집,경력무관,대졸↑,중구,정규직,팀원,,ML
제트서브,온라인 비디오 플랫폼(OVP) 서비스 백엔드 개발자 모집,신입,대졸↑,강서구,정규직,사원급,,ML
한화시스템,AI서비스 Backend 개발자 경력사원 채용,경력,학력무관,중구,정규직,,,ML
㈜커먼컴퓨터,[커먼컴퓨터] 병역특례 전문연구요원 채용 (석사 이상),신입,석사↑,동작구,정규직,사원급,"5,000~10,000만원",ML
㈜펀진,시계열 데이터 AI 모델 개발자 경력직 (유관 경력 2년이상) 채용,경력2년↑,학력무관,성동구,정규직,주임~대리급,,ML
㈜자이언트스텝,[자이언트스텝] 인공지능 서비스 개발 채용 (신입/경력),경력무관,학력무관,강남구,정규직,,,ML
씨이랩,[씨이랩] Solution 영업 (Server Sales 경력 / 8년이상),경력8년↑,대졸↑,강남구,정규직,팀원,,ML
㈜엔코아,[엔코아] 기업부설연구소 AI Hub 팀의 개발 인력 채용,경력,학력무관,마포구,정규직,,,ML
㈜데이터위버,[신입] NLP LLM 연구원,신입,대졸↑,금천구,정규직,사원급,"4,000~4,500만원",ML
㈜인피닉,[인공지능 연구소] 인공지능 및 지식그래프 연구/개발 신입 및 경력 채용,경력무관,대졸↑,강남구,정규직,,"3,000~10,000만원",ML
㈜엠폴,(주)엠폴 AI데이터 사이언티스트 모집합니다.,경력5년↑,학력무관,강서구,정규직,,,ML
㈜엠트리센,머신 러닝 엔지니어 정규직 채용,경력3년↑,대졸↑,금천구,정규직,,,ML
퀘스트글로벌코리아 유한회사,[Quest Global] 임베디드 리눅스 SW개발자 (자율주행 영상시스템),경력3년↑,대졸↑,강남구,정규직,,,ML
㈜스카이오토넷,자율주행S/W 개발자 채용,신입·경력1년↑,대졸↑,서초구,정규직,팀원,,ML
㈜옵트에이아이,LLM Research 엔지니어,경력,석사↑,강서구,정규직,,,ML
㈜옵트에이아이,임베디드 AI 개발자 (C++),경력,석사↑,강서구,정규직,,,ML
㈜옵트에이아이,모델 컴프레션 리서치 엔지니어,경력,석사↑,강서구,정규직,,,ML
㈜옵트에이아이,비전 AI 어플리케이션 엔지니어,경력,석사↑,강서구,정규직,,,ML
㈜큐노바,㈜큐노바 [R&D/제품개발/자금회계] 부문별 신입경력 채용,신입·경력,대졸↑,강남구,정규직,,,ML
마크클라우드,"AI 개발(Python), 데이터 분석 및 사업 기획 신규/경력 모집 - 정규직",신입·경력,대졸↑,강남구,정규직,,,ML
바이오팝코리아,"바이오팝코리아 기술연구소 연구원 구인(전자, 분광)",경력무관,학력무관,강남구,정규직,,,ML
㈜엠폴,(주)엠폴 R&D 연구소장 채용합니다.,경력5년↑,학력무관,강서구,정규직,,,ML
에쓰오씨소프트㈜,"데이터분석가, 인공지능 개발자 채용 공고",경력2년↑,초대졸↑,구로구,정규직,,,ML
㈜페르소나에이아이,AI 음성인식 개발자 채용,경력5년↑,학력무관,강남구,정규직,주임~대리급,,ML
㈜델타엑스,AI R&D / 3D 비전 / 개발 / Data Scientist 병역 특례 전문연구요원 모집,신입·경력,석사↑,구로구,정규직,이상,"3,000만원",ML
㈜델타엑스,AI 연구원 및 개발자 모집,경력무관,대졸↑,구로구,정규직,이상,"3,000만원",ML
탑클릭,[경기/부천] 웹기획 정규직 채용,경력3년↑,대졸↑,강서구,정규직,이상,"4,000만원",ML
에듀템,인공지능 기술개발 및 연구,신입·경력,초대졸↑,마포구,정규직,,,ML
로보에테크놀로지,AI 비전 기술 개발 엔지니어 채용,경력2년↑,대졸↑,강남구,정규직,주임~대리급,,ML
메디픽셀,[Medipixel] PR Manager,경력3년↑,대졸↑,강남구,정규직,,,ML
㈜화이트스캔,[데이터분석] 경력직 채용,경력,대졸↑,용산구,정규직,,,ML
㈜크라우드웍스,[크라우드웍스] 병특/전문연구요원 전형) 서비스개발실 AI-Software engine,경력무관,석사↑,강남구,병역특례,,,ML
데이터마케팅코리아,(주)데이터마케팅코리아 데이터 엔지니어링 직무 채용,경력3년↑,초대졸↑,강남구,정규직,주임~대리급,,ML
㈜한국정보기술단,데이터표준품질부문 경력채용 (정규직),경력3년↑,대졸↑,서초구,정규직,,,ML
㈜노르마,[노르마] 양자컴퓨팅 연구원(신입 및 경력),신입·경력,대졸↑,성동구,정규직,주임~대리급,,ML
바이온사이트,Senior ML Engineer 채용,경력10년↑,석사↑,성동구,정규직,,"4,000~12,000만원",ML
에너자이,에너자이 AI 최적화 Researcher 채용 공고 (전문연구요원 가능),경력무관,대졸↑,강남구,정규직,,,ML
㈜스카이오토넷,(주)스카이오토넷 - 영상처리 개발자 (병역특례가능),신입·경력1년↑,대졸↑,서초구,정규직,,,ML
에스디티 주식회사,[기업부설연구소] DX 솔루션 펌웨어(F/W) 개발 엔지니어,경력3년↑,초대졸↑,강남구,정규직,사원급,,ML
디딤365㈜,클라우드 구축 및 운영 엔지니어 인재 채용,경력2년↑,초대졸↑,구로구,정규직,사원급,,ML
㈜엑스큐어넷,생성형 AI 모델 연구 및 응용 개발(AI/ML),경력3년↑,초대졸↑,은평구,정규직,팀원,,ML
㈜에이아이네이션,[AInation] 딥러닝 엔지니어 (경력),경력3년↑,학력무관,서초구,정규직,주임~대리급,,ML
㈜메디아크,백엔드 개발자 채용,경력5년↑,학력무관,마포구,정규직,팀장/매니저/실장,"5,000~8,000만원",ML
바이온사이트,Junior ML Engineer 채용,경력3년↑,대졸↑,성동구,정규직,,"4,000~12,000만원",ML
㈜새롬정보시스템,"생성형AI 모델 서빙 개발(Python, PyTorch) 및 텍스트마이닝 경력사원 채용 공고",경력2년↑,초대졸↑,금천구,정규직,,,ML
㈜미피아(Mippia Inc.,음원 유사도 분석 AI 엔지니어 모집,신입,석사↑,동작구,정규직,팀원,"4,000~5,000만원",ML
에너자이,에너자이 ML Engineer/Researcher 채용 공고 (전문연구요원 가능),경력무관,대졸↑,강남구,정규직,,,ML
㈜위키드스톰,연구소 AI팀 개발 팀장급 채용,경력10년↑,대졸↑,강서구,정규직,과장~차장급,,ML
보람정보산업㈜,[보람그룹] RPA 전문가 경력직 채용,경력2년↑,학력무관,중구,정규직,주임~대리급,,ML
㈜아이케이랩 (IKLAB Inc.),딥러닝/컴퓨터비전 엔지니어 (Deep Learning/Computer Vision Engineer),경력무관,석사↑,금천구,정규직,,"4,000~7,200만원",ML
데이터마케팅코리아,(주)데이터마케팅코리아 LLM App Backend 엔지니어링 직무 채용,경력무관,초대졸↑,강남구,정규직,주임~대리급,,ML
딥브레인 AI,[딥브레인AI] 딥러닝 연구원 / 엔지니어 모집 (전문연구요원 가능),신입·경력,석사↑,강남구,정규직,팀원,,ML
㈜도슨티,급성장 AI 스타트업 docenty.ai 서비스 개발 수퍼 개발자 전 직종 채용,경력,학력무관,관악구,정규직,,,ML
㈜밀레니얼웍스,개발자 경력직 채용,경력2년↑,학력무관,마포구,정규직,,"3,000~7,000만원",ML
㈜아이넷캅,[경력·전문연] 딥러닝/머신러닝 개발자 채용(내일채움공제가능),신입·경력1년↑,대졸↑,송파구,정규직,,,ML
㈜에스에이치엘에이비,AI 임베디드 IoT 신입/경력 사원 모집,신입·경력,대졸↑,강남구,정규직,,,ML
㈜파킹고,주차공간분석 영상 AI 개발자 채용,신입·경력3년↑,대졸↑,금천구,정규직,사원급,,ML
㈜어썸좋은생각,[신입/경력]머신러닝 개발자 채용,경력무관,학력무관,강남구,계약직,사원급,"2,600~3,000만원",ML
㈜부동산플래닛,[데이터분석가] Data Analyst 채용,신입·경력,석사↑,강남구,정규직,,,ML
㈜플랜바이테크놀로지스,[Planby Technologies 신입/경력] AI 개발자 모집,경력무관,대졸↑,강남구,정규직,,"3,600~6,500만원",ML
㈜케이에스씨앤씨(KSC&C Inc.),[신입/경력] AI 기반 업무자동화(RPA) 개발자 채용 (UiPath 우대),신입·경력1년↑,초대졸↑,영등포구,정규직,사원급,,ML
㈜노르마,[노르마] 머신러닝/인공지능 개발자 채용(Quantum Machine Learning),신입·경력,대졸↑,성동구,정규직,주임~대리급,,ML
메타빌드㈜,메타빌드(주) AI 개발자 인재 채용,경력무관,대졸↑,서초구,정규직,,,ML
㈜시스원,2025년 (주)시스원 신입 및 경력사원 공채,신입·경력,초대졸↑,강서구,정규직,,,ML
㈜이스트소프트,[채용 연계형] 정보보안/AI 서비스 기획/백엔드개발/인프라보안 부트캠프 교육생 모집,신입·경력,학력무관,서초구,연수생/교육생,,,ML
SDL International Korea Office,"[RWS] AI 프롬프트 평가 작업 / 데이터 스페셜리스트 / 프리랜서, 재택",경력무관,초대졸↑,강남구,프리랜서,,,ML
SDL International Korea Office,[RWS] AI 모델 온라인 평가자 모집,경력무관,초대졸↑,강남구,프리랜서,,,ML
휴먼교육센터,"[휴먼교육센터] AI, 빅데이터 강사 채용(서울 영등포센터)",경력3년↑,초대졸↑,영등포구,프리랜서,,,ML
애드인에듀,자율주행 인공지능 로봇분야 양성 교육생 모집,경력무관,학력무관,금천구,연수생/교육생,,,ML
알토비전,인공지능 학습용 데이터 수집 (의료 문서),경력무관,학력무관,강남구,프리랜서,팀원,"10,000원(건)",ML
㈜와이즈교육,"KT 인공지능 코딩강사 (평일오전 시급4만 ) 초중고 프리랜서 강사모집 (신입,경력)",경력무관,학력무관,강서구,프리랜서,사원급,"40,000원(시)",ML
㈜와이즈교육,[평일오전만] 재택/자유 와이즈교육 초중고 프리랜서 강사모집,경력무관,학력무관,강서구,프리랜서,사원급,"40,000원(시)",ML
㈜와이즈교육,"KT MOU 코딩 전문기관 초중고 프리랜서 코딩 강사모집 (신입,경력)",경력무관,학력무관,강서구,프리랜서,사원급,"40,000원(시)",ML
